type,load_id,booking_number,reference_number,container_number,customer,port,warehouse,address,document_cutoff,delivery_need_date,load_date,lfd,status,driver_name,truck_assigned,chassis,size,billing_notes,dispatcher_notes,ready_for_profittools,rate,steamship_line,vessel_name,terminal,pickup_appointment,delivery_appointment,empty_return_location,empty_return_date,chassis_provider,pickup_reference,delivery_reference,invoice_status,driver_pay_status,customer_rate,carrier_pay,accessorials,margin
Import,CLT-2026-0001,IMP-2026-0001,REF-000001,ONEU555001,Houston Industrial Supply,Bayport Terminal,Katy Crossdock,"1800 Commerce Park Dr, Katy, TX",2026-06-14,2026-06-15,2026-06-13,2026-06-14,New,,,,20,,Sample load for Supabase/TMS testing.,false,700.00,Maersk,GULF TRADER,Bayport Terminal,2026-06-13 08:00:00,2026-06-15 09:00:00,Bayport Empty Yard,2026-06-16,DCLI,PU-00001,DL-00001,Paid,Pending,700.00,418.11,175.00,456.89
Export,CLT-2026-0002,EXP-2026-0002,REF-000002,TGHU555002,Andes Coffee Trading,Barbours Cut,North Houston Warehouse,"7420 North Freeway, Houston, TX",2026-06-13,2026-06-15,2026-06-13,2026-06-14,Hold/Need Info,,,,40,,Sample load for Supabase/TMS testing.,false,775.00,MSC,TEXAS STAR,Barbours Cut,2026-06-13 07:00:00,2026-06-15 09:00:00,,,TRAC,PU-00002,DL-00002,Paid,Pending,775.00,427.08,0.00,347.92
Import Local,CLT-2026-0003,IML-2026-0003,REF-000003,IML555003,Colombia Fresh Imports,Port Houston,Baytown Distribution Center,"4200 Logistics Dr, Baytown, TX",2026-06-12,2026-06-15,2026-06-13,2026-06-16,Awaiting Appointment,,,,40HC,,Sample load for Supabase/TMS testing.,false,775.00,,,,2026-06-13 13:00:00,2026-06-15 11:00:00,,,,PU-00003,DL-00003,Not Ready,Pending,775.00,418.38,0.00,356.62
Export Local,CLT-2026-0004,EXL-2026-0004,REF-000004,REF555004,Panama Auto Parts,Ceres Terminal,Pasadena Storage Yard,"2300 Red Bluff Rd, Pasadena, TX",2026-06-13,2026-06-15,2026-06-13,,Ready to Dispatch,,,,40ST,,Sample load for Supabase/TMS testing.,false,775.00,,,,2026-06-13 09:00:00,2026-06-15 09:00:00,,,,PU-00004,DL-00004,Not Ready,Pending,775.00,497.12,0.00,277.88
Import,CLT-2026-0005,IMP-2026-0005,REF-000005,ONEU555005,Bogota Textiles LLC,Turning Basin,Sugar Land Fulfillment,"11900 Southwest Fwy, Sugar Land, TX",2026-06-14,2026-06-15,2026-06-14,2026-06-16,Assigned,Luis Garcia,CT-105,CH-2005,20FR,,Sample load for Supabase/TMS testing.,false,550.00,CMA CGM,HOUSTON BRIDGE,Turning Basin,2026-06-14 13:00:00,2026-06-15 10:00:00,Bayport Empty Yard,2026-06-16,Private Chassis,PU-00005,DL-00005,Not Ready,Approved,550.00,327.77,125.00,347.23
Export,CLT-2026-0006,EXP-2026-0006,REF-000006,FCIU555006,Gulf Coast Produce,Bayport Terminal,Katy Crossdock,"1800 Commerce Park Dr, Katy, TX",2026-06-12,2026-06-15,2026-06-15,2026-06-16,En Route to Pickup,Rafael Gomez,CT-106,CH-2006,40FR,,Sample load for Supabase/TMS testing.,false,775.00,Evergreen,GULF TRADER,Bayport Terminal,2026-06-15 09:00:00,2026-06-15 13:00:00,,,DCLI,PU-00006,DL-00006,Ready,Approved,775.00,457.96,0.00,317.04
Import Local,CLT-2026-0007,IML-2026-0007,REF-000007,,Lone Star Plastics,Barbours Cut,North Houston Warehouse,"7420 North Freeway, Houston, TX",2026-06-14,2026-06-15,2026-06-15,,At Pickup,Diego Moreno,CT-107,CH-2007,20,,Sample load for Supabase/TMS testing.,false,1200.00,,,,2026-06-15 10:00:00,2026-06-15 10:00:00,,,,PU-00007,DL-00007,Ready,Approved,1200.00,692.56,0.00,507.44
Export Local,CLT-2026-0008,EXL-2026-0008,REF-000008,EXL555008,Baytown Distribution,Port Houston,Baytown Distribution Center,"4200 Logistics Dr, Baytown, TX",2026-06-14,2026-06-15,2026-06-14,,Loaded,Oscar Silva,CT-108,CH-2008,40,,Sample load for Supabase/TMS testing.,false,625.00,,,,2026-06-14 09:00:00,2026-06-15 15:00:00,,,,PU-00008,DL-00008,Paid,Paid,625.00,357.39,0.00,267.61
Import,CLT-2026-0009,IMP-2026-0009,REF-000009,HLXU555009,Katy Crossdock,Ceres Terminal,Pasadena Storage Yard,"2300 Red Bluff Rd, Pasadena, TX",2026-06-14,2026-06-15,2026-06-15,2026-06-17,En Route To Delivery,Andre Johnson,CT-109,CH-2001,40HC,,Sample load for Supabase/TMS testing.,false,1350.00,MSC,BAYPORT EXPRESS,Ceres Terminal,2026-06-15 09:00:00,2026-06-15 15:00:00,Bayport Empty Yard,2026-06-16,COCP,PU-00009,DL-00009,Not Ready,Pending,1350.00,666.80,0.00,683.20
Export,CLT-2026-0010,EXP-2026-0010,REF-000010,TRHU555010,Portside Logistics,Turning Basin,Sugar Land Fulfillment,"11900 Southwest Fwy, Sugar Land, TX",2026-06-13,2026-06-15,2026-06-15,2026-06-17,Delivered,Sam Patel,CT-110,CH-2002,40ST,POD needed before billing.,Sample load for Supabase/TMS testing.,false,925.00,Hapag-Lloyd,HOUSTON BRIDGE,Turning Basin,2026-06-15 07:00:00,2026-06-15 09:00:00,,,Private Chassis,PU-00010,DL-00010,Invoiced,Paid,925.00,455.59,75.00,544.41
Import Local,CLT-2026-0011,IML-2026-0011,REF-000011,REF555011,Houston Industrial Supply,Bayport Terminal,Katy Crossdock,"1800 Commerce Park Dr, Katy, TX",2026-06-14,2026-06-15,2026-06-14,,Returning Empty,Victor Reza,CT-101,CH-2003,20FR,,Sample load for Supabase/TMS testing.,false,1350.00,,,,2026-06-14 08:00:00,2026-06-15 09:00:00,,,,PU-00011,DL-00011,Paid,Approved,1350.00,753.02,175.00,771.98
Export Local,CLT-2026-0012,EXL-2026-0012,REF-000012,REF555012,Andes Coffee Trading,Barbours Cut,North Houston Warehouse,"7420 North Freeway, Houston, TX",2026-06-13,2026-06-15,2026-06-13,2026-06-16,POD Received,Miguel Torres,CT-102,CH-2004,40FR,Ready for invoice review.,Sample load for Supabase/TMS testing.,true,1350.00,,,,2026-06-13 08:00:00,2026-06-15 09:00:00,,,,PU-00012,DL-00012,Ready,Pending,1350.00,740.75,0.00,609.25
Import,CLT-2026-0013,IMP-2026-0013,REF-000013,HLXU555013,Colombia Fresh Imports,Port Houston,Baytown Distribution Center,"4200 Logistics Dr, Baytown, TX",2026-06-12,2026-06-15,2026-06-15,2026-06-15,Ready for ProfitTools,Carlos Ramirez,CT-103,CH-2005,20,Ready for invoice review.,Sample load for Supabase/TMS testing.,true,1050.00,Evergreen,LONE PIONEER,Port Houston,2026-06-15 13:00:00,2026-06-15 08:00:00,Bayport Empty Yard,2026-06-16,FlexiVan,PU-00013,DL-00013,Ready,Paid,1050.00,552.64,75.00,572.36
Export,CLT-2026-0014,EXP-2026-0014,REF-000014,TGHU555014,Panama Auto Parts,Ceres Terminal,Pasadena Storage Yard,"2300 Red Bluff Rd, Pasadena, TX",2026-06-12,2026-06-15,2026-06-14,2026-06-14,Exported to ProfitTools,Juan Martinez,CT-104,CH-2006,40,Ready for invoice review.,Sample load for Supabase/TMS testing.,true,850.00,ZIM,BAYPORT EXPRESS,Ceres Terminal,2026-06-14 14:00:00,2026-06-15 13:00:00,,,COCP,PU-00014,DL-00014,Exported,Approved,850.00,513.16,0.00,336.84
Import Local,CLT-2026-0015,IML-2026-0015,REF-000015,REF555015,Bogota Textiles LLC,Turning Basin,Sugar Land Fulfillment,"11900 Southwest Fwy, Sugar Land, TX",2026-06-14,2026-06-15,2026-06-14,2026-06-16,Invoiced,Luis Garcia,CT-105,CH-2007,40HC,Ready for invoice review.,Sample load for Supabase/TMS testing.,true,850.00,,,,2026-06-14 07:00:00,2026-06-15 15:00:00,,,,PU-00015,DL-00015,Invoiced,Pending,850.00,547.72,0.00,302.28
Export Local,CLT-2026-0016,EXL-2026-0016,REF-000016,EXL555016,Gulf Coast Produce,Bayport Terminal,Katy Crossdock,"1800 Commerce Park Dr, Katy, TX",2026-06-13,2026-06-15,2026-06-13,,Closed,Rafael Gomez,CT-106,CH-2008,40ST,Ready for invoice review.,Sample load for Supabase/TMS testing.,true,775.00,,,,2026-06-13 13:00:00,2026-06-15 13:00:00,,,,PU-00016,DL-00016,Invoiced,Paid,775.00,372.44,0.00,402.56
Import,CLT-2026-0017,IMP-2026-0017,REF-000017,HLXU555017,Lone Star Plastics,Barbours Cut,North Houston Warehouse,"7420 North Freeway, Houston, TX",2026-06-12,2026-06-15,2026-06-15,2026-06-16,New,,,,20FR,,Sample load for Supabase/TMS testing.,false,925.00,Hapag-Lloyd,TEXAS STAR,Barbours Cut,2026-06-15 07:00:00,2026-06-15 08:00:00,Bayport Empty Yard,2026-06-16,TRAC,PU-00017,DL-00017,Ready,Pending,925.00,578.81,0.00,346.19
Export,CLT-2026-0018,EXP-2026-0018,REF-000018,TGHU555018,Baytown Distribution,Port Houston,Baytown Distribution Center,"4200 Logistics Dr, Baytown, TX",2026-06-12,2026-06-15,2026-06-15,2026-06-14,Hold/Need Info,,,,40FR,,Sample load for Supabase/TMS testing.,false,625.00,ONE,LONE PIONEER,Port Houston,2026-06-15 14:00:00,2026-06-15 11:00:00,,,FlexiVan,PU-00018,DL-00018,Ready,Pending,625.00,403.50,125.00,346.50
Import Local,CLT-2026-0019,IML-2026-0019,REF-000019,IML555019,Katy Crossdock,Ceres Terminal,Pasadena Storage Yard,"2300 Red Bluff Rd, Pasadena, TX",2026-06-13,2026-06-15,2026-06-13,,Awaiting Appointment,,,,20,,Sample load for Supabase/TMS testing.,false,1350.00,,,,2026-06-13 08:00:00,2026-06-15 10:00:00,,,,PU-00019,DL-00019,Ready,Paid,1350.00,843.06,75.00,581.94
Export Local,CLT-2026-0020,EXL-2026-0020,REF-000020,LOCAL555020,Portside Logistics,Turning Basin,Sugar Land Fulfillment,"11900 Southwest Fwy, Sugar Land, TX",2026-06-12,2026-06-15,2026-06-13,,Ready to Dispatch,,,,40,,Sample load for Supabase/TMS testing.,false,1050.00,,,,2026-06-13 14:00:00,2026-06-15 10:00:00,,,,PU-00020,DL-00020,Exported,Approved,1050.00,681.48,175.00,543.52
Import,CLT-2026-0021,IMP-2026-0021,REF-000021,MAEU555021,Houston Industrial Supply,Bayport Terminal,Katy Crossdock,"1800 Commerce Park Dr, Katy, TX",2026-06-13,2026-06-15,2026-06-13,2026-06-14,Assigned,Victor Reza,CT-101,CH-2005,40HC,,Sample load for Supabase/TMS testing.,false,925.00,ZIM,GULF TRADER,Bayport Terminal,2026-06-13 08:00:00,2026-06-15 08:00:00,Bayport Empty Yard,2026-06-16,DCLI,PU-00021,DL-00021,Ready,Paid,925.00,420.14,125.00,629.86
Export,CLT-2026-0022,EXP-2026-0022,REF-000022,TGHU555022,Andes Coffee Trading,Barbours Cut,North Houston Warehouse,"7420 North Freeway, Houston, TX",2026-06-14,2026-06-15,2026-06-15,2026-06-14,En Route to Pickup,Miguel Torres,CT-102,CH-2006,40ST,,Sample load for Supabase/TMS testing.,false,550.00,Maersk,TEXAS STAR,Barbours Cut,2026-06-15 08:00:00,2026-06-15 08:00:00,,,TRAC,PU-00022,DL-00022,Paid,Pending,550.00,342.06,0.00,207.94
Import Local,CLT-2026-0023,IML-2026-0023,REF-000023,REF555023,Colombia Fresh Imports,Port Houston,Baytown Distribution Center,"4200 Logistics Dr, Baytown, TX",2026-06-12,2026-06-15,2026-06-14,,At Pickup,Carlos Ramirez,CT-103,CH-2007,20FR,,Sample load for Supabase/TMS testing.,false,700.00,,,,2026-06-14 08:00:00,2026-06-15 13:00:00,,,,PU-00023,DL-00023,Paid,Approved,700.00,416.27,125.00,408.73
Export Local,CLT-2026-0024,EXL-2026-0024,REF-000024,REF555024,Panama Auto Parts,Ceres Terminal,Pasadena Storage Yard,"2300 Red Bluff Rd, Pasadena, TX",2026-06-13,2026-06-15,2026-06-15,2026-06-16,Loaded,Juan Martinez,CT-104,CH-2008,40FR,,Sample load for Supabase/TMS testing.,false,625.00,,,,2026-06-15 08:00:00,2026-06-15 08:00:00,,,,PU-00024,DL-00024,Invoiced,Approved,625.00,363.62,0.00,261.38
Import,CLT-2026-0025,IMP-2026-0025,REF-000025,MSCU555025,Bogota Textiles LLC,Turning Basin,Sugar Land Fulfillment,"11900 Southwest Fwy, Sugar Land, TX",2026-06-13,2026-06-16,2026-06-15,2026-06-15,En Route To Delivery,Luis Garcia,CT-105,CH-2001,20,,Sample load for Supabase/TMS testing.,false,925.00,ONE,HOUSTON BRIDGE,Turning Basin,2026-06-15 07:00:00,2026-06-16 11:00:00,Bayport Empty Yard,2026-06-17,Private Chassis,PU-00025,DL-00025,Ready,Pending,925.00,564.36,0.00,360.64
Export,CLT-2026-0026,EXP-2026-0026,REF-000026,BEAU555026,Gulf Coast Produce,Bayport Terminal,Katy Crossdock,"1800 Commerce Park Dr, Katy, TX",2026-06-13,2026-06-16,2026-06-16,2026-06-18,Delivered,Rafael Gomez,CT-106,CH-2002,40,POD needed before billing.,Sample load for Supabase/TMS testing.,false,850.00,CMA CGM,GULF TRADER,Bayport Terminal,2026-06-16 10:00:00,2026-06-16 09:00:00,,,DCLI,PU-00026,DL-00026,Invoiced,Paid,850.00,461.15,0.00,388.85
Import Local,CLT-2026-0027,IML-2026-0027,REF-000027,IML555027,Lone Star Plastics,Barbours Cut,North Houston Warehouse,"7420 North Freeway, Houston, TX",2026-06-15,2026-06-16,2026-06-16,2026-06-17,Returning Empty,Diego Moreno,CT-107,CH-2003,40HC,,Sample load for Supabase/TMS testing.,false,550.00,,,,2026-06-16 13:00:00,2026-06-16 16:00:00,,,,PU-00027,DL-00027,Ready,Approved,550.00,354.09,0.00,195.91
Export Local,CLT-2026-0028,EXL-2026-0028,REF-000028,LOCAL555028,Baytown Distribution,Port Houston,Baytown Distribution Center,"4200 Logistics Dr, Baytown, TX",2026-06-14,2026-06-16,2026-06-15,,POD Received,Oscar Silva,CT-108,CH-2004,40ST,Ready for invoice review.,Sample load for Supabase/TMS testing.,true,700.00,,,,2026-06-15 10:00:00,2026-06-16 08:00:00,,,,PU-00028,DL-00028,Ready,Approved,700.00,368.06,75.00,406.94
Import,CLT-2026-0029,IMP-2026-0029,REF-000029,CMAU555029,Katy Crossdock,Ceres Terminal,Pasadena Storage Yard,"2300 Red Bluff Rd, Pasadena, TX",2026-06-14,2026-06-16,2026-06-15,2026-06-18,Ready for ProfitTools,Andre Johnson,CT-109,CH-2005,20FR,Ready for invoice review.,Sample load for Supabase/TMS testing.,true,1200.00,Maersk,BAYPORT EXPRESS,Ceres Terminal,2026-06-15 14:00:00,2026-06-16 15:00:00,Bayport Empty Yard,2026-06-17,COCP,PU-00029,DL-00029,Ready,Pending,1200.00,577.15,0.00,622.85
Export,CLT-2026-0030,EXP-2026-0030,REF-000030,TGHU555030,Portside Logistics,Turning Basin,Sugar Land Fulfillment,"11900 Southwest Fwy, Sugar Land, TX",2026-06-13,2026-06-16,2026-06-16,2026-06-19,Exported to ProfitTools,Sam Patel,CT-110,CH-2006,40FR,Ready for invoice review.,Sample load for Supabase/TMS testing.,true,550.00,MSC,HOUSTON BRIDGE,Turning Basin,2026-06-16 14:00:00,2026-06-16 10:00:00,,,Private Chassis,PU-00030,DL-00030,Exported,Paid,550.00,253.02,75.00,371.98
Import Local,CLT-2026-0031,IML-2026-0031,REF-000031,IML555031,Houston Industrial Supply,Bayport Terminal,Katy Crossdock,"1800 Commerce Park Dr, Katy, TX",2026-06-15,2026-06-16,2026-06-16,,Invoiced,Victor Reza,CT-101,CH-2007,20,Ready for invoice review.,Sample load for Supabase/TMS testing.,true,700.00,,,,2026-06-16 07:00:00,2026-06-16 16:00:00,,,,PU-00031,DL-00031,Invoiced,Approved,700.00,324.59,0.00,375.41
Export Local,CLT-2026-0032,EXL-2026-0032,REF-000032,LOCAL555032,Andes Coffee Trading,Barbours Cut,North Houston Warehouse,"7420 North Freeway, Houston, TX",2026-06-13,2026-06-16,2026-06-16,,Closed,Miguel Torres,CT-102,CH-2008,40,Ready for invoice review.,Sample load for Supabase/TMS testing.,true,550.00,,,,2026-06-16 13:00:00,2026-06-16 13:00:00,,,,PU-00032,DL-00032,Invoiced,Paid,550.00,315.63,75.00,309.37
Import,CLT-2026-0033,IMP-2026-0033,REF-000033,,Colombia Fresh Imports,Port Houston,Baytown Distribution Center,"4200 Logistics Dr, Baytown, TX",2026-06-14,2026-06-16,2026-06-14,2026-06-17,New,,,,40HC,,Sample load for Supabase/TMS testing.,false,925.00,CMA CGM,LONE PIONEER,Port Houston,2026-06-14 14:00:00,2026-06-16 15:00:00,Bayport Empty Yard,2026-06-17,FlexiVan,PU-00033,DL-00033,Ready,Paid,925.00,460.41,75.00,539.59
Export,CLT-2026-0034,EXP-2026-0034,REF-000034,TRHU555034,Panama Auto Parts,Ceres Terminal,Pasadena Storage Yard,"2300 Red Bluff Rd, Pasadena, TX",2026-06-14,2026-06-16,2026-06-14,2026-06-18,Hold/Need Info,,,,40ST,,Sample load for Supabase/TMS testing.,false,1200.00,Evergreen,BAYPORT EXPRESS,Ceres Terminal,2026-06-14 07:00:00,2026-06-16 08:00:00,,,COCP,PU-00034,DL-00034,Not Ready,Pending,1200.00,689.08,125.00,635.92
Import Local,CLT-2026-0035,IML-2026-0035,REF-000035,IML555035,Bogota Textiles LLC,Turning Basin,Sugar Land Fulfillment,"11900 Southwest Fwy, Sugar Land, TX",2026-06-15,2026-06-16,2026-06-14,,Awaiting Appointment,,,,20FR,,Sample load for Supabase/TMS testing.,false,925.00,,,,2026-06-14 09:00:00,2026-06-16 09:00:00,,,,PU-00035,DL-00035,Exported,Approved,925.00,579.21,0.00,345.79
Export Local,CLT-2026-0036,EXL-2026-0036,REF-000036,EXL555036,Gulf Coast Produce,Bayport Terminal,Katy Crossdock,"1800 Commerce Park Dr, Katy, TX",2026-06-14,2026-06-16,2026-06-16,2026-06-17,Ready to Dispatch,,,,40FR,,Sample load for Supabase/TMS testing.,false,1350.00,,,,2026-06-16 14:00:00,2026-06-16 10:00:00,,,,PU-00036,DL-00036,Exported,Paid,1350.00,609.61,125.00,865.39
Import,CLT-2026-0037,IMP-2026-0037,REF-000037,MSCU555037,Lone Star Plastics,Barbours Cut,North Houston Warehouse,"7420 North Freeway, Houston, TX",2026-06-15,2026-06-16,2026-06-16,2026-06-17,Assigned,Diego Moreno,CT-107,CH-2005,20,,Sample load for Supabase/TMS testing.,false,1350.00,MSC,TEXAS STAR,Barbours Cut,2026-06-16 07:00:00,2026-06-16 15:00:00,Bayport Empty Yard,2026-06-17,TRAC,PU-00037,DL-00037,Paid,Pending,1350.00,649.47,0.00,700.53
Export,CLT-2026-0038,EXP-2026-0038,REF-000038,TRHU555038,Baytown Distribution,Port Houston,Baytown Distribution Center,"4200 Logistics Dr, Baytown, TX",2026-06-14,2026-06-16,2026-06-14,2026-06-16,En Route to Pickup,Oscar Silva,CT-108,CH-2006,40,,Sample load for Supabase/TMS testing.,false,850.00,Hapag-Lloyd,LONE PIONEER,Port Houston,2026-06-14 13:00:00,2026-06-16 11:00:00,,,FlexiVan,PU-00038,DL-00038,Not Ready,Paid,850.00,536.41,0.00,313.59
Import Local,CLT-2026-0039,IML-2026-0039,REF-000039,LOCAL555039,Katy Crossdock,Ceres Terminal,Pasadena Storage Yard,"2300 Red Bluff Rd, Pasadena, TX",2026-06-14,2026-06-16,2026-06-15,2026-06-17,At Pickup,Andre Johnson,CT-109,CH-2007,40HC,,Sample load for Supabase/TMS testing.,false,700.00,,,,2026-06-15 07:00:00,2026-06-16 10:00:00,,,,PU-00039,DL-00039,Ready,Paid,700.00,404.20,0.00,295.80
Export Local,CLT-2026-0040,EXL-2026-0040,REF-000040,EXL555040,Portside Logistics,Turning Basin,Sugar Land Fulfillment,"11900 Southwest Fwy, Sugar Land, TX",2026-06-13,2026-06-16,2026-06-15,,Loaded,Sam Patel,CT-110,CH-2008,40ST,,Sample load for Supabase/TMS testing.,false,550.00,,,,2026-06-15 10:00:00,2026-06-16 13:00:00,,,,PU-00040,DL-00040,Ready,Paid,550.00,259.81,175.00,465.19
Import,CLT-2026-0041,IMP-2026-0041,REF-000041,CMAU555041,Houston Industrial Supply,Bayport Terminal,Katy Crossdock,"1800 Commerce Park Dr, Katy, TX",2026-06-14,2026-06-16,2026-06-16,2026-06-19,En Route To Delivery,Victor Reza,CT-101,CH-2001,20FR,,Sample load for Supabase/TMS testing.,false,700.00,Evergreen,GULF TRADER,Bayport Terminal,2026-06-16 08:00:00,2026-06-16 11:00:00,Bayport Empty Yard,2026-06-17,DCLI,PU-00041,DL-00041,Not Ready,Approved,700.00,320.86,0.00,379.14
Export,CLT-2026-0042,EXP-2026-0042,REF-000042,TGHU555042,Andes Coffee Trading,Barbours Cut,North Houston Warehouse,"7420 North Freeway, Houston, TX",2026-06-13,2026-06-16,2026-06-16,2026-06-16,Delivered,Miguel Torres,CT-102,CH-2002,40FR,POD needed before billing.,Sample load for Supabase/TMS testing.,false,1350.00,ZIM,TEXAS STAR,Barbours Cut,2026-06-16 09:00:00,2026-06-16 16:00:00,,,TRAC,PU-00042,DL-00042,Paid,Paid,1350.00,846.22,75.00,578.78
Import Local,CLT-2026-0043,IML-2026-0043,REF-000043,LOCAL555043,Colombia Fresh Imports,Port Houston,Baytown Distribution Center,"4200 Logistics Dr, Baytown, TX",2026-06-15,2026-06-16,2026-06-16,,Returning Empty,Carlos Ramirez,CT-103,CH-2003,20,,Sample load for Supabase/TMS testing.,false,550.00,,,,2026-06-16 08:00:00,2026-06-16 11:00:00,,,,PU-00043,DL-00043,Invoiced,Paid,550.00,267.23,0.00,282.77
Export Local,CLT-2026-0044,EXL-2026-0044,REF-000044,REF555044,Panama Auto Parts,Ceres Terminal,Pasadena Storage Yard,"2300 Red Bluff Rd, Pasadena, TX",2026-06-15,2026-06-16,2026-06-14,,POD Received,Juan Martinez,CT-104,CH-2004,40,Ready for invoice review.,Sample load for Supabase/TMS testing.,true,625.00,,,,2026-06-14 08:00:00,2026-06-16 16:00:00,,,,PU-00044,DL-00044,Ready,Approved,625.00,329.07,0.00,295.93
Import,CLT-2026-0045,IMP-2026-0045,REF-000045,ONEU555045,Bogota Textiles LLC,Turning Basin,Sugar Land Fulfillment,"11900 Southwest Fwy, Sugar Land, TX",2026-06-15,2026-06-16,2026-06-16,2026-06-18,Ready for ProfitTools,Luis Garcia,CT-105,CH-2005,40HC,Ready for invoice review.,Sample load for Supabase/TMS testing.,true,775.00,Hapag-Lloyd,HOUSTON BRIDGE,Turning Basin,2026-06-16 09:00:00,2026-06-16 16:00:00,Bayport Empty Yard,2026-06-17,Private Chassis,PU-00045,DL-00045,Ready,Pending,775.00,383.30,175.00,566.70
Export,CLT-2026-0046,EXP-2026-0046,REF-000046,TGHU555046,Gulf Coast Produce,Bayport Terminal,Katy Crossdock,"1800 Commerce Park Dr, Katy, TX",2026-06-14,2026-06-16,2026-06-15,2026-06-17,Exported to ProfitTools,Rafael Gomez,CT-106,CH-2006,40ST,Ready for invoice review.,Sample load for Supabase/TMS testing.,true,1350.00,ONE,GULF TRADER,Bayport Terminal,2026-06-15 09:00:00,2026-06-16 10:00:00,,,DCLI,PU-00046,DL-00046,Exported,Pending,1350.00,715.41,125.00,759.59
Import Local,CLT-2026-0047,IML-2026-0047,REF-000047,LOCAL555047,Lone Star Plastics,Barbours Cut,North Houston Warehouse,"7420 North Freeway, Houston, TX",2026-06-14,2026-06-16,2026-06-16,,Invoiced,Diego Moreno,CT-107,CH-2007,20FR,Ready for invoice review.,Sample load for Supabase/TMS testing.,true,550.00,,,,2026-06-16 13:00:00,2026-06-16 10:00:00,,,,PU-00047,DL-00047,Invoiced,Paid,550.00,259.42,75.00,365.58
Export Local,CLT-2026-0048,EXL-2026-0048,REF-000048,EXL555048,Baytown Distribution,Port Houston,Baytown Distribution Center,"4200 Logistics Dr, Baytown, TX",2026-06-14,2026-06-16,2026-06-15,2026-06-17,Closed,Oscar Silva,CT-108,CH-2008,40FR,Ready for invoice review.,Sample load for Supabase/TMS testing.,true,1050.00,,,,2026-06-15 13:00:00,2026-06-16 08:00:00,,,,PU-00048,DL-00048,Invoiced,Pending,1050.00,661.40,0.00,388.60
Import,CLT-2026-0049,IMP-2026-0049,REF-000049,MAEU555049,Katy Crossdock,Ceres Terminal,Pasadena Storage Yard,"2300 Red Bluff Rd, Pasadena, TX",2026-06-20,2026-06-23,2026-06-23,2026-06-26,New,,,,20,,Sample load for Supabase/TMS testing.,false,625.00,ZIM,BAYPORT EXPRESS,Ceres Terminal,2026-06-23 09:00:00,2026-06-23 11:00:00,Bayport Empty Yard,2026-06-24,COCP,PU-00049,DL-00049,Paid,Approved,625.00,399.86,0.00,225.14
Export,CLT-2026-0050,EXP-2026-0050,REF-000050,TRHU555050,Portside Logistics,Turning Basin,Sugar Land Fulfillment,"11900 Southwest Fwy, Sugar Land, TX",2026-06-16,2026-06-18,2026-06-16,2026-06-21,Hold/Need Info,,,,40,,Sample load for Supabase/TMS testing.,false,925.00,Maersk,HOUSTON BRIDGE,Turning Basin,2026-06-16 14:00:00,2026-06-18 11:00:00,,,Private Chassis,PU-00050,DL-00050,Paid,Pending,925.00,490.69,0.00,434.31
Import Local,CLT-2026-0051,IML-2026-0051,REF-000051,REF555051,Houston Industrial Supply,Bayport Terminal,Katy Crossdock,"1800 Commerce Park Dr, Katy, TX",2026-06-17,2026-06-20,2026-06-19,2026-06-21,Awaiting Appointment,,,,40HC,,Sample load for Supabase/TMS testing.,false,700.00,,,,2026-06-19 14:00:00,2026-06-20 15:00:00,,,,PU-00051,DL-00051,Invoiced,Paid,700.00,401.17,0.00,298.83
Export Local,CLT-2026-0052,EXL-2026-0052,REF-000052,LOCAL555052,Andes Coffee Trading,Barbours Cut,North Houston Warehouse,"7420 North Freeway, Houston, TX",2026-06-15,2026-06-17,2026-06-16,,Ready to Dispatch,,,,40ST,,Sample load for Supabase/TMS testing.,false,925.00,,,,2026-06-16 10:00:00,2026-06-17 16:00:00,,,,PU-00052,DL-00052,Ready,Paid,925.00,502.27,75.00,497.73
Import,CLT-2026-0053,IMP-2026-0053,REF-000053,ONEU555053,Colombia Fresh Imports,Port Houston,Baytown Distribution Center,"4200 Logistics Dr, Baytown, TX",2026-06-23,2026-06-24,2026-06-22,2026-06-23,Assigned,Carlos Ramirez,CT-103,CH-2005,20FR,,Sample load for Supabase/TMS testing.,false,925.00,ONE,LONE PIONEER,Port Houston,2026-06-22 13:00:00,2026-06-24 15:00:00,Bayport Empty Yard,2026-06-25,FlexiVan,PU-00053,DL-00053,Exported,Pending,925.00,433.53,0.00,491.47
Export,CLT-2026-0054,EXP-2026-0054,REF-000054,BEAU555054,Panama Auto Parts,Ceres Terminal,Pasadena Storage Yard,"2300 Red Bluff Rd, Pasadena, TX",2026-06-19,2026-06-20,2026-06-20,2026-06-19,En Route to Pickup,Juan Martinez,CT-104,CH-2006,40FR,,Sample load for Supabase/TMS testing.,false,625.00,CMA CGM,BAYPORT EXPRESS,Ceres Terminal,2026-06-20 10:00:00,2026-06-20 13:00:00,,,COCP,PU-00054,DL-00054,Paid,Pending,625.00,338.18,175.00,461.82
Import Local,CLT-2026-0055,IML-2026-0055,REF-000055,LOCAL555055,Bogota Textiles LLC,Turning Basin,Sugar Land Fulfillment,"11900 Southwest Fwy, Sugar Land, TX",2026-06-21,2026-06-23,2026-06-22,,At Pickup,Luis Garcia,CT-105,CH-2007,20,,Sample load for Supabase/TMS testing.,false,550.00,,,,2026-06-22 08:00:00,2026-06-23 15:00:00,,,,PU-00055,DL-00055,Invoiced,Pending,550.00,345.69,0.00,204.31
Export Local,CLT-2026-0056,EXL-2026-0056,REF-000056,REF555056,Gulf Coast Produce,Bayport Terminal,Katy Crossdock,"1800 Commerce Park Dr, Katy, TX",2026-06-16,2026-06-19,2026-06-17,,Loaded,Rafael Gomez,CT-106,CH-2008,40,,Sample load for Supabase/TMS testing.,false,775.00,,,,2026-06-17 07:00:00,2026-06-19 13:00:00,,,,PU-00056,DL-00056,Invoiced,Pending,775.00,490.96,0.00,284.04
Import,CLT-2026-0057,IMP-2026-0057,REF-000057,CMAU555057,Lone Star Plastics,Barbours Cut,North Houston Warehouse,"7420 North Freeway, Houston, TX",2026-06-21,2026-06-24,2026-06-22,2026-06-27,En Route To Delivery,Diego Moreno,CT-107,CH-2001,40HC,,Sample load for Supabase/TMS testing.,false,1200.00,Maersk,TEXAS STAR,Barbours Cut,2026-06-22 09:00:00,2026-06-24 16:00:00,Bayport Empty Yard,2026-06-25,TRAC,PU-00057,DL-00057,Paid,Approved,1200.00,687.04,175.00,687.96
Export,CLT-2026-0058,EXP-2026-0058,REF-000058,,Baytown Distribution,Port Houston,Baytown Distribution Center,"4200 Logistics Dr, Baytown, TX",2026-06-21,2026-06-24,2026-06-24,2026-06-26,Delivered,Oscar Silva,CT-108,CH-2002,40ST,POD needed before billing.,Sample load for Supabase/TMS testing.,false,775.00,MSC,LONE PIONEER,Port Houston,2026-06-24 09:00:00,2026-06-24 16:00:00,,,FlexiVan,PU-00058,DL-00058,Paid,Approved,775.00,478.93,0.00,296.07
Import Local,CLT-2026-0059,IML-2026-0059,REF-000059,LOCAL555059,Katy Crossdock,Ceres Terminal,Pasadena Storage Yard,"2300 Red Bluff Rd, Pasadena, TX",2026-06-18,2026-06-20,2026-06-19,,Returning Empty,Andre Johnson,CT-109,CH-2003,20FR,,Sample load for Supabase/TMS testing.,false,775.00,,,,2026-06-19 14:00:00,2026-06-20 10:00:00,,,,PU-00059,DL-00059,Paid,Pending,775.00,390.87,0.00,384.13
Export Local,CLT-2026-0060,EXL-2026-0060,REF-000060,REF555060,Portside Logistics,Turning Basin,Sugar Land Fulfillment,"11900 Southwest Fwy, Sugar Land, TX",2026-06-18,2026-06-19,2026-06-19,2026-06-20,POD Received,Sam Patel,CT-110,CH-2004,40FR,Ready for invoice review.,Sample load for Supabase/TMS testing.,true,775.00,,,,2026-06-19 14:00:00,2026-06-19 09:00:00,,,,PU-00060,DL-00060,Ready,Approved,775.00,358.71,75.00,491.29
Import,CLT-2026-0061,IMP-2026-0061,REF-000061,HLXU555061,Houston Industrial Supply,Bayport Terminal,Katy Crossdock,"1800 Commerce Park Dr, Katy, TX",2026-06-23,2026-06-24,2026-06-23,2026-06-24,Ready for ProfitTools,Victor Reza,CT-101,CH-2005,20,Ready for invoice review.,Sample load for Supabase/TMS testing.,true,550.00,CMA CGM,GULF TRADER,Bayport Terminal,2026-06-23 10:00:00,2026-06-24 16:00:00,Bayport Empty Yard,2026-06-25,DCLI,PU-00061,DL-00061,Ready,Approved,550.00,341.74,125.00,333.26
Export,CLT-2026-0062,EXP-2026-0062,REF-000062,SEGU555062,Andes Coffee Trading,Barbours Cut,North Houston Warehouse,"7420 North Freeway, Houston, TX",2026-06-22,2026-06-24,2026-06-24,2026-06-25,Exported to ProfitTools,Miguel Torres,CT-102,CH-2006,40,Ready for invoice review.,Sample load for Supabase/TMS testing.,true,1350.00,Evergreen,TEXAS STAR,Barbours Cut,2026-06-24 10:00:00,2026-06-24 13:00:00,,,TRAC,PU-00062,DL-00062,Exported,Pending,1350.00,823.46,0.00,526.54
Import Local,CLT-2026-0063,IML-2026-0063,REF-000063,LOCAL555063,Colombia Fresh Imports,Port Houston,Baytown Distribution Center,"4200 Logistics Dr, Baytown, TX",2026-06-19,2026-06-21,2026-06-20,2026-06-22,Invoiced,Carlos Ramirez,CT-103,CH-2007,40HC,Ready for invoice review.,Sample load for Supabase/TMS testing.,true,1050.00,,,,2026-06-20 10:00:00,2026-06-21 10:00:00,,,,PU-00063,DL-00063,Invoiced,Paid,1050.00,624.58,75.00,500.42
Export Local,CLT-2026-0064,EXL-2026-0064,REF-000064,EXL555064,Panama Auto Parts,Ceres Terminal,Pasadena Storage Yard,"2300 Red Bluff Rd, Pasadena, TX",2026-06-14,2026-06-17,2026-06-16,,Closed,Juan Martinez,CT-104,CH-2008,40ST,Ready for invoice review.,Sample load for Supabase/TMS testing.,true,625.00,,,,2026-06-16 14:00:00,2026-06-17 08:00:00,,,,PU-00064,DL-00064,Invoiced,Pending,625.00,361.59,0.00,263.41
Import,CLT-2026-0065,IMP-2026-0065,REF-000065,MAEU555065,Bogota Textiles LLC,Turning Basin,Sugar Land Fulfillment,"11900 Southwest Fwy, Sugar Land, TX",2026-06-15,2026-06-17,2026-06-16,2026-06-18,New,,,,20FR,,Sample load for Supabase/TMS testing.,false,925.00,MSC,HOUSTON BRIDGE,Turning Basin,2026-06-16 10:00:00,2026-06-17 10:00:00,Bayport Empty Yard,2026-06-18,Private Chassis,PU-00065,DL-00065,Exported,Approved,925.00,557.08,75.00,442.92
Export,CLT-2026-0066,EXP-2026-0066,REF-000066,FCIU555066,Gulf Coast Produce,Bayport Terminal,Katy Crossdock,"1800 Commerce Park Dr, Katy, TX",2026-06-19,2026-06-21,2026-06-21,2026-06-20,Hold/Need Info,,,,40FR,,Sample load for Supabase/TMS testing.,false,775.00,Hapag-Lloyd,GULF TRADER,Bayport Terminal,2026-06-21 07:00:00,2026-06-21 10:00:00,,,DCLI,PU-00066,DL-00066,Not Ready,Pending,775.00,449.52,175.00,500.48
Import Local,CLT-2026-0067,IML-2026-0067,REF-000067,IML555067,Lone Star Plastics,Barbours Cut,North Houston Warehouse,"7420 North Freeway, Houston, TX",2026-06-19,2026-06-20,2026-06-20,,Awaiting Appointment,,,,20,,Sample load for Supabase/TMS testing.,false,700.00,,,,2026-06-20 08:00:00,2026-06-20 09:00:00,,,,PU-00067,DL-00067,Paid,Pending,700.00,381.30,0.00,318.70
Export Local,CLT-2026-0068,EXL-2026-0068,REF-000068,REF555068,Baytown Distribution,Port Houston,Baytown Distribution Center,"4200 Logistics Dr, Baytown, TX",2026-06-22,2026-06-24,2026-06-22,,Ready to Dispatch,,,,40,,Sample load for Supabase/TMS testing.,false,625.00,,,,2026-06-22 08:00:00,2026-06-24 13:00:00,,,,PU-00068,DL-00068,Exported,Pending,625.00,378.47,0.00,246.53
Import,CLT-2026-0069,IMP-2026-0069,REF-000069,HLXU555069,Katy Crossdock,Ceres Terminal,Pasadena Storage Yard,"2300 Red Bluff Rd, Pasadena, TX",2026-06-14,2026-06-17,2026-06-16,2026-06-19,Assigned,Andre Johnson,CT-109,CH-2005,40HC,,Sample load for Supabase/TMS testing.,false,625.00,Evergreen,BAYPORT EXPRESS,Ceres Terminal,2026-06-16 14:00:00,2026-06-17 09:00:00,Bayport Empty Yard,2026-06-18,COCP,PU-00069,DL-00069,Ready,Pending,625.00,355.26,175.00,444.74
Export,CLT-2026-0070,EXP-2026-0070,REF-000070,FCIU555070,Portside Logistics,Turning Basin,Sugar Land Fulfillment,"11900 Southwest Fwy, Sugar Land, TX",2026-06-18,2026-06-21,2026-06-19,2026-06-20,En Route to Pickup,Sam Patel,CT-110,CH-2006,40ST,,Sample load for Supabase/TMS testing.,false,1350.00,ZIM,HOUSTON BRIDGE,Turning Basin,2026-06-19 07:00:00,2026-06-21 10:00:00,,,Private Chassis,PU-00070,DL-00070,Not Ready,Paid,1350.00,723.16,0.00,626.84
Import Local,CLT-2026-0071,IML-2026-0071,REF-000071,REF555071,Houston Industrial Supply,Bayport Terminal,Katy Crossdock,"1800 Commerce Park Dr, Katy, TX",2026-06-20,2026-06-22,2026-06-22,,At Pickup,Victor Reza,CT-101,CH-2007,20FR,,Sample load for Supabase/TMS testing.,false,925.00,,,,2026-06-22 07:00:00,2026-06-22 11:00:00,,,,PU-00071,DL-00071,Ready,Approved,925.00,533.83,75.00,466.17
Export Local,CLT-2026-0072,EXL-2026-0072,REF-000072,EXL555072,Andes Coffee Trading,Barbours Cut,North Houston Warehouse,"7420 North Freeway, Houston, TX",2026-06-16,2026-06-19,2026-06-17,2026-06-20,Loaded,Miguel Torres,CT-102,CH-2008,40FR,,Sample load for Supabase/TMS testing.,false,1350.00,,,,2026-06-17 09:00:00,2026-06-19 13:00:00,,,,PU-00072,DL-00072,Invoiced,Paid,1350.00,816.65,75.00,608.35
Import,CLT-2026-0073,IMP-2026-0073,REF-000073,ONEU555073,Colombia Fresh Imports,Port Houston,Baytown Distribution Center,"4200 Logistics Dr, Baytown, TX",2026-06-20,2026-06-21,2026-06-20,2026-06-20,En Route To Delivery,Carlos Ramirez,CT-103,CH-2001,20,,Sample load for Supabase/TMS testing.,false,1200.00,Hapag-Lloyd,LONE PIONEER,Port Houston,2026-06-20 10:00:00,2026-06-21 09:00:00,Bayport Empty Yard,2026-06-22,FlexiVan,PU-00073,DL-00073,Invoiced,Approved,1200.00,676.76,175.00,698.24
Export,CLT-2026-0074,EXP-2026-0074,REF-000074,SEGU555074,Panama Auto Parts,Ceres Terminal,Pasadena Storage Yard,"2300 Red Bluff Rd, Pasadena, TX",2026-06-15,2026-06-17,2026-06-16,2026-06-17,Delivered,Juan Martinez,CT-104,CH-2002,40,POD needed before billing.,Sample load for Supabase/TMS testing.,false,850.00,ONE,BAYPORT EXPRESS,Ceres Terminal,2026-06-16 08:00:00,2026-06-17 10:00:00,,,COCP,PU-00074,DL-00074,Exported,Paid,850.00,440.36,125.00,534.64
Import Local,CLT-2026-0075,IML-2026-0075,REF-000075,LOCAL555075,Bogota Textiles LLC,Turning Basin,Sugar Land Fulfillment,"11900 Southwest Fwy, Sugar Land, TX",2026-06-16,2026-06-17,2026-06-15,2026-06-18,Returning Empty,Luis Garcia,CT-105,CH-2003,40HC,,Sample load for Supabase/TMS testing.,false,1050.00,,,,2026-06-15 08:00:00,2026-06-17 15:00:00,,,,PU-00075,DL-00075,Invoiced,Paid,1050.00,575.10,0.00,474.90
Export Local,CLT-2026-0076,EXL-2026-0076,REF-000076,LOCAL555076,Gulf Coast Produce,Bayport Terminal,Katy Crossdock,"1800 Commerce Park Dr, Katy, TX",2026-06-23,2026-06-24,2026-06-23,,POD Received,Rafael Gomez,CT-106,CH-2004,40ST,Ready for invoice review.,Sample load for Supabase/TMS testing.,true,1050.00,,,,2026-06-23 09:00:00,2026-06-24 09:00:00,,,,PU-00076,DL-00076,Ready,Paid,1050.00,617.78,0.00,432.22
Import,CLT-2026-0077,IMP-2026-0077,REF-000077,ONEU555077,Lone Star Plastics,Barbours Cut,North Houston Warehouse,"7420 North Freeway, Houston, TX",2026-06-19,2026-06-22,2026-06-21,2026-06-25,Ready for ProfitTools,Diego Moreno,CT-107,CH-2005,20FR,Ready for invoice review.,Sample load for Supabase/TMS testing.,true,1350.00,ZIM,TEXAS STAR,Barbours Cut,2026-06-21 10:00:00,2026-06-22 15:00:00,Bayport Empty Yard,2026-06-23,TRAC,PU-00077,DL-00077,Ready,Approved,1350.00,696.81,175.00,828.19
Export,CLT-2026-0078,EXP-2026-0078,REF-000078,TGHU555078,Baytown Distribution,Port Houston,Baytown Distribution Center,"4200 Logistics Dr, Baytown, TX",2026-06-19,2026-06-21,2026-06-20,2026-06-21,Exported to ProfitTools,Oscar Silva,CT-108,CH-2006,40FR,Ready for invoice review.,Sample load for Supabase/TMS testing.,true,925.00,Maersk,LONE PIONEER,Port Houston,2026-06-20 14:00:00,2026-06-21 09:00:00,,,FlexiVan,PU-00078,DL-00078,Exported,Pending,925.00,438.37,125.00,611.63
Import Local,CLT-2026-0079,IML-2026-0079,REF-000079,REF555079,Katy Crossdock,Ceres Terminal,Pasadena Storage Yard,"2300 Red Bluff Rd, Pasadena, TX",2026-06-18,2026-06-20,2026-06-18,,Invoiced,Andre Johnson,CT-109,CH-2007,20,Ready for invoice review.,Sample load for Supabase/TMS testing.,true,1350.00,,,,2026-06-18 14:00:00,2026-06-20 13:00:00,,,,PU-00079,DL-00079,Invoiced,Approved,1350.00,768.63,0.00,581.37
Export Local,CLT-2026-0080,EXL-2026-0080,REF-000080,REF555080,Portside Logistics,Turning Basin,Sugar Land Fulfillment,"11900 Southwest Fwy, Sugar Land, TX",2026-06-19,2026-06-20,2026-06-19,,Closed,Sam Patel,CT-110,CH-2008,40,Ready for invoice review.,Sample load for Supabase/TMS testing.,true,1350.00,,,,2026-06-19 07:00:00,2026-06-20 15:00:00,,,,PU-00080,DL-00080,Invoiced,Paid,1350.00,641.68,0.00,708.32
Import,CLT-2026-0081,IMP-2026-0081,REF-000081,MSCU555081,Houston Industrial Supply,Bayport Terminal,Katy Crossdock,"1800 Commerce Park Dr, Katy, TX",2026-06-11,2026-06-12,2026-06-10,2026-06-14,New,,,,40HC,,Sample load for Supabase/TMS testing.,false,850.00,ONE,GULF TRADER,Bayport Terminal,2026-06-10 07:00:00,2026-06-12 13:00:00,Bayport Empty Yard,2026-06-13,DCLI,PU-00081,DL-00081,Exported,Pending,850.00,462.30,75.00,462.70
Export,CLT-2026-0082,EXP-2026-0082,REF-000082,TGHU555082,Andes Coffee Trading,Barbours Cut,North Houston Warehouse,"7420 North Freeway, Houston, TX",2026-06-12,2026-06-14,2026-06-13,2026-06-13,Hold/Need Info,,,,40ST,,Sample load for Supabase/TMS testing.,false,625.00,CMA CGM,TEXAS STAR,Barbours Cut,2026-06-13 10:00:00,2026-06-14 11:00:00,,,TRAC,PU-00082,DL-00082,Not Ready,Pending,625.00,353.38,175.00,446.62
Import Local,CLT-2026-0083,IML-2026-0083,REF-000083,LOCAL555083,Colombia Fresh Imports,Port Houston,Baytown Distribution Center,"4200 Logistics Dr, Baytown, TX",2026-06-11,2026-06-13,2026-06-11,,Awaiting Appointment,,,,20FR,,Sample load for Supabase/TMS testing.,false,1350.00,,,,2026-06-11 08:00:00,2026-06-13 08:00:00,,,,PU-00083,DL-00083,Paid,Paid,1350.00,813.90,125.00,661.10
Export Local,CLT-2026-0084,EXL-2026-0084,REF-000084,REF555084,Panama Auto Parts,Ceres Terminal,Pasadena Storage Yard,"2300 Red Bluff Rd, Pasadena, TX",2026-06-11,2026-06-13,2026-06-11,2026-06-14,Ready to Dispatch,,,,40FR,,Sample load for Supabase/TMS testing.,false,1050.00,,,,2026-06-11 10:00:00,2026-06-13 10:00:00,,,,PU-00084,DL-00084,Not Ready,Paid,1050.00,536.63,125.00,638.37
Import,CLT-2026-0085,IMP-2026-0085,REF-000085,ONEU555085,Bogota Textiles LLC,Turning Basin,Sugar Land Fulfillment,"11900 Southwest Fwy, Sugar Land, TX",2026-06-08,2026-06-09,2026-06-09,2026-06-09,Assigned,Luis Garcia,CT-105,CH-2005,20,,Sample load for Supabase/TMS testing.,false,700.00,Maersk,HOUSTON BRIDGE,Turning Basin,2026-06-09 14:00:00,2026-06-09 08:00:00,Bayport Empty Yard,2026-06-10,Private Chassis,PU-00085,DL-00085,Not Ready,Pending,700.00,348.58,125.00,476.42
Export,CLT-2026-0086,EXP-2026-0086,REF-000086,SEGU555086,Gulf Coast Produce,Bayport Terminal,Katy Crossdock,"1800 Commerce Park Dr, Katy, TX",2026-06-12,2026-06-14,2026-06-13,2026-06-17,En Route to Pickup,Rafael Gomez,CT-106,CH-2006,40,,Sample load for Supabase/TMS testing.,false,775.00,MSC,GULF TRADER,Bayport Terminal,2026-06-13 09:00:00,2026-06-14 08:00:00,,,DCLI,PU-00086,DL-00086,Invoiced,Pending,775.00,393.41,0.00,381.59
Import Local,CLT-2026-0087,IML-2026-0087,REF-000087,IML555087,Lone Star Plastics,Barbours Cut,North Houston Warehouse,"7420 North Freeway, Houston, TX",2026-06-07,2026-06-09,2026-06-09,2026-06-10,At Pickup,Diego Moreno,CT-107,CH-2007,40HC,,Sample load for Supabase/TMS testing.,false,775.00,,,,2026-06-09 13:00:00,2026-06-09 15:00:00,,,,PU-00087,DL-00087,Ready,Paid,775.00,414.65,125.00,485.35
Export Local,CLT-2026-0088,EXL-2026-0088,REF-000088,LOCAL555088,Baytown Distribution,Port Houston,Baytown Distribution Center,"4200 Logistics Dr, Baytown, TX",2026-06-12,2026-06-13,2026-06-12,,Loaded,Oscar Silva,CT-108,CH-2008,40ST,,Sample load for Supabase/TMS testing.,false,850.00,,,,2026-06-12 07:00:00,2026-06-13 09:00:00,,,,PU-00088,DL-00088,Exported,Approved,850.00,483.66,125.00,491.34
Import,CLT-2026-0089,IMP-2026-0089,REF-000089,HLXU555089,Katy Crossdock,Ceres Terminal,Pasadena Storage Yard,"2300 Red Bluff Rd, Pasadena, TX",2026-06-11,2026-06-14,2026-06-13,2026-06-15,En Route To Delivery,Andre Johnson,CT-109,CH-2001,20FR,,Sample load for Supabase/TMS testing.,false,1350.00,CMA CGM,BAYPORT EXPRESS,Ceres Terminal,2026-06-13 09:00:00,2026-06-14 13:00:00,Bayport Empty Yard,2026-06-15,COCP,PU-00089,DL-00089,Paid,Pending,1350.00,740.82,0.00,609.18
Export,CLT-2026-0090,EXP-2026-0090,REF-000090,TRHU555090,Portside Logistics,Turning Basin,Sugar Land Fulfillment,"11900 Southwest Fwy, Sugar Land, TX",2026-06-09,2026-06-11,2026-06-09,2026-06-14,Delivered,Sam Patel,CT-110,CH-2002,40FR,POD needed before billing.,Sample load for Supabase/TMS testing.,false,775.00,Evergreen,HOUSTON BRIDGE,Turning Basin,2026-06-09 07:00:00,2026-06-11 08:00:00,,,Private Chassis,PU-00090,DL-00090,Paid,Pending,775.00,497.85,125.00,402.15
Import Local,CLT-2026-0091,IML-2026-0091,REF-000091,,Houston Industrial Supply,Bayport Terminal,Katy Crossdock,"1800 Commerce Park Dr, Katy, TX",2026-06-06,2026-06-08,2026-06-06,,Returning Empty,Victor Reza,CT-101,CH-2003,20,,Sample load for Supabase/TMS testing.,false,700.00,,,,2026-06-06 07:00:00,2026-06-08 16:00:00,,,,PU-00091,DL-00091,Invoiced,Approved,700.00,380.87,175.00,494.13
Export Local,CLT-2026-0092,EXL-2026-0092,REF-000092,EXL555092,Andes Coffee Trading,Barbours Cut,North Houston Warehouse,"7420 North Freeway, Houston, TX",2026-06-11,2026-06-13,2026-06-11,,POD Received,Miguel Torres,CT-102,CH-2004,40,Ready for invoice review.,Sample load for Supabase/TMS testing.,true,1200.00,,,,2026-06-11 10:00:00,2026-06-13 08:00:00,,,,PU-00092,DL-00092,Ready,Approved,1200.00,623.51,0.00,576.49
Import,CLT-2026-0093,IMP-2026-0093,REF-000093,HLXU555093,Colombia Fresh Imports,Port Houston,Baytown Distribution Center,"4200 Logistics Dr, Baytown, TX",2026-06-08,2026-06-09,2026-06-09,2026-06-10,Ready for ProfitTools,Carlos Ramirez,CT-103,CH-2005,40HC,Ready for invoice review.,Sample load for Supabase/TMS testing.,true,850.00,MSC,LONE PIONEER,Port Houston,2026-06-09 14:00:00,2026-06-09 11:00:00,Bayport Empty Yard,2026-06-10,FlexiVan,PU-00093,DL-00093,Ready,Paid,850.00,495.14,75.00,429.86
Export,CLT-2026-0094,EXP-2026-0094,REF-000094,TRHU555094,Panama Auto Parts,Ceres Terminal,Pasadena Storage Yard,"2300 Red Bluff Rd, Pasadena, TX",2026-06-13,2026-06-14,2026-06-13,2026-06-15,Exported to ProfitTools,Juan Martinez,CT-104,CH-2006,40ST,Ready for invoice review.,Sample load for Supabase/TMS testing.,true,1050.00,Hapag-Lloyd,BAYPORT EXPRESS,Ceres Terminal,2026-06-13 09:00:00,2026-06-14 08:00:00,,,COCP,PU-00094,DL-00094,Exported,Approved,1050.00,654.13,0.00,395.87
Import Local,CLT-2026-0095,IML-2026-0095,REF-000095,IML555095,Bogota Textiles LLC,Turning Basin,Sugar Land Fulfillment,"11900 Southwest Fwy, Sugar Land, TX",2026-06-10,2026-06-11,2026-06-11,,Invoiced,Luis Garcia,CT-105,CH-2007,20FR,Ready for invoice review.,Sample load for Supabase/TMS testing.,true,1200.00,,,,2026-06-11 09:00:00,2026-06-11 13:00:00,,,,PU-00095,DL-00095,Invoiced,Approved,1200.00,690.10,0.00,509.90
Export Local,CLT-2026-0096,EXL-2026-0096,REF-000096,REF555096,Gulf Coast Produce,Bayport Terminal,Katy Crossdock,"1800 Commerce Park Dr, Katy, TX",2026-06-08,2026-06-10,2026-06-10,2026-06-11,Closed,Rafael Gomez,CT-106,CH-2008,40FR,Ready for invoice review.,Sample load for Supabase/TMS testing.,true,625.00,,,,2026-06-10 14:00:00,2026-06-10 11:00:00,,,,PU-00096,DL-00096,Invoiced,Pending,625.00,284.86,175.00,515.14
Import,CLT-2026-0097,IMP-2026-0097,REF-000097,MSCU555097,Lone Star Plastics,Barbours Cut,North Houston Warehouse,"7420 North Freeway, Houston, TX",2026-06-07,2026-06-09,2026-06-09,2026-06-12,New,,,,20,,Sample load for Supabase/TMS testing.,false,625.00,Evergreen,TEXAS STAR,Barbours Cut,2026-06-09 13:00:00,2026-06-09 11:00:00,Bayport Empty Yard,2026-06-10,TRAC,PU-00097,DL-00097,Invoiced,Pending,625.00,309.34,0.00,315.66
Export,CLT-2026-0098,EXP-2026-0098,REF-000098,FCIU555098,Baytown Distribution,Port Houston,Baytown Distribution Center,"4200 Logistics Dr, Baytown, TX",2026-06-07,2026-06-09,2026-06-09,2026-06-10,Hold/Need Info,,,,40,,Sample load for Supabase/TMS testing.,false,1050.00,ZIM,LONE PIONEER,Port Houston,2026-06-09 14:00:00,2026-06-09 10:00:00,,,FlexiVan,PU-00098,DL-00098,Ready,Approved,1050.00,647.79,75.00,477.21
Import Local,CLT-2026-0099,IML-2026-0099,REF-000099,LOCAL555099,Katy Crossdock,Ceres Terminal,Pasadena Storage Yard,"2300 Red Bluff Rd, Pasadena, TX",2026-06-08,2026-06-10,2026-06-10,2026-06-11,Awaiting Appointment,,,,40HC,,Sample load for Supabase/TMS testing.,false,700.00,,,,2026-06-10 13:00:00,2026-06-10 13:00:00,,,,PU-00099,DL-00099,Invoiced,Approved,700.00,435.96,0.00,264.04
Export Local,CLT-2026-0100,EXL-2026-0100,REF-000100,LOCAL555100,Portside Logistics,Turning Basin,Sugar Land Fulfillment,"11900 Southwest Fwy, Sugar Land, TX",2026-06-06,2026-06-08,2026-06-06,,Ready to Dispatch,,,,40ST,,Sample load for Supabase/TMS testing.,false,850.00,,,,2026-06-06 09:00:00,2026-06-08 15:00:00,,,,PU-00100,DL-00100,Invoiced,Pending,850.00,524.87,125.00,450.13
